<?xml version="1.0" encoding="UTF-8"?>
<configurationDescriptor version="100">
  <logicalFolder name="root" displayName="root" projectFiles="true" kind="ROOT">
    <logicalFolder name="HeaderFiles"
                   displayName="Header Files"
                   projectFiles="true">
      <itemPath>Card.h</itemPath>
      <itemPath>Dealer.h</itemPath>
      <itemPath>Hands.h</itemPath>
      <itemPath>Player.h</itemPath>
    </logicalFolder>
    <logicalFolder name="ResourceFiles"
                   displayName="Resource Files"
                   projectFiles="true">
    </logicalFolder>
    <logicalFolder name="SourceFiles"
                   displayName="Source Files"
                   projectFiles="true">
      <itemPath>Card.cpp</itemPath>
      <itemPath>Dealer.cpp</itemPath>
      <itemPath>Hands.cpp</itemPath>
      <itemPath>Player.cpp</itemPath>
      <itemPath>main.cpp</itemPath>
    </logicalFolder>
    <logicalFolder name="TestFiles"
                   displayName="Test Files"
                   projectFiles="false"
                   kind="TEST_LOGICAL_FOLDER">
      <logicalFolder name="f1"
                     displayName="New C++ Simple Test"
                     projectFiles="true"
                     kind="TEST">
        <itemPath>tests/newsimpletest.cpp</itemPath>
      </logicalFolder>
    </logicalFolder>
    <logicalFolder name="ExternalFiles"
                   displayName="Important Files"
                   projectFiles="false"
                   kind="IMPORTANT_FILES_FOLDER">
      <itemPath>Makefile</itemPath>
    </logicalFolder>
    <logicalFolder name="TestFiles"
                   displayName="Test Files"
                   projectFiles="false"
                   kind="TEST_LOGICAL_FOLDER">
    </logicalFolder>
    <logicalFolder name="ExternalFiles"
                   displayName="Important Files"
                   projectFiles="false"
                   kind="IMPORTANT_FILES_FOLDER">
      <itemPath>Makefile</itemPath>
    </logicalFolder>
  </logicalFolder>
  <projectmakefile>Makefile</projectmakefile>
  <confs>
    <conf name="Debug" type="1">
      <toolsSet>
        <compilerSet>default</compilerSet>
        <dependencyChecking>true</dependencyChecking>
        <rebuildPropChanged>false</rebuildPropChanged>
      </toolsSet>
      <compileType>
      </compileType>
      <item path="Card.cpp" ex="false" tool="1" flavor2="0">
      </item>
      <item path="Card.h" ex="false" tool="3" flavor2="0">
      </item>
      <item path="Dealer.cpp" ex="false" tool="1" flavor2="0">
      </item>
      <item path="Dealer.h" ex="false" tool="3" flavor2="0">
      </item>
      <item path="Hands.cpp" ex="false" tool="1" flavor2="0">
      </item>
      <item path="Hands.h" ex="false" tool="3" flavor2="0">
      </item>
      <item path="Player.cpp" ex="false" tool="1" flavor2="0">
      </item>
      <item path="Player.h" ex="false" tool="3" flavor2="0">
      </item>
      <folder path="TestFiles/f1">
        <cTool>
          <incDir>
            <pElem>.</pElem>
          </incDir>
        </cTool>
        <ccTool>
          <incDir>
            <pElem>.</pElem>
          </incDir>
        </ccTool>
        <linkerTool>
          <output>${TESTDIR}/TestFiles/f1</output>
        </linkerTool>
      </folder>
      <item path="main.cpp" ex="false" tool="1" flavor2="0">
      </item>
      <item path="tests/newsimpletest.cpp" ex="false" tool="1" flavor2="0">
      </item>
    </conf>
    <conf name="Release" type="1">
      <toolsSet>
        <compilerSet>default</compilerSet>
        <dependencyChecking>true</dependencyChecking>
        <rebuildPropChanged>false</rebuildPropChanged>
      </toolsSet>
      <compileType>
        <cTool>
          <developmentMode>5</developmentMode>
        </cTool>
        <ccTool>
          <developmentMode>5</developmentMode>
        </ccTool>
        <fortranCompilerTool>
          <developmentMode>5</developmentMode>
        </fortranCompilerTool>
        <asmTool>
          <developmentMode>5</developmentMode>
        </asmTool>
      </compileType>
      <item path="Card.cpp" ex="false" tool="1" flavor2="0">
      </item>
      <item path="Card.h" ex="false" tool="3" flavor2="0">
      </item>
      <item path="Dealer.cpp" ex="false" tool="1" flavor2="0">
      </item>
      <item path="Dealer.h" ex="false" tool="3" flavor2="0">
      </item>
      <item path="Hands.cpp" ex="false" tool="1" flavor2="0">
      </item>
      <item path="Hands.h" ex="false" tool="3" flavor2="0">
      </item>
      <item path="Player.cpp" ex="false" tool="1" flavor2="0">
      </item>
      <item path="Player.h" ex="false" tool="3" flavor2="0">
      </item>
      <folder path="TestFiles/f1">
        <cTool>
          <incDir>
            <pElem>.</pElem>
          </incDir>
        </cTool>
        <ccTool>
          <incDir>
            <pElem>.</pElem>
          </incDir>
        </ccTool>
        <linkerTool>
          <output>${TESTDIR}/TestFiles/f1</output>
        </linkerTool>
      </folder>
      <item path="main.cpp" ex="false" tool="1" flavor2="0">
      </item>
      <item path="tests/newsimpletest.cpp" ex="false" tool="1" flavor2="0">
      </item>
    </conf>
  </confs>
</configurationDescriptor>
