<?xml version="1.0" encoding="UTF-8"?>
<project-private xmlns="http://www.netbeans.org/ns/project-private/1">
    <data xmlns="http://www.netbeans.org/ns/make-project-private/1">
        <activeConfTypeElem>1</activeConfTypeElem>
        <activeConfIndexElem>0</activeConfIndexElem>
    </data>
    <editor-bookmarks xmlns="http://www.netbeans.org/ns/editor-bookmarks/2" lastBookmarkId="0"/>
    <open-files xmlns="http://www.netbeans.org/ns/projectui-open-files/2">
        <group>
            <file>file:/home/byoung/Dropbox/ScanSnap/School/Byoungmo/2019%20Fall/CIS17C/LeeByoungmo_CIS_17c_47698/Hmwk/Lab5%20Complete/set_1/main.cpp</file>
        </group>
    </open-files>
</project-private>
